name	x	y	z
ECG	n/a	n/a	n/a
Limb-L	n/a	n/a	n/a
Limb-R	n/a	n/a	n/a
EMG-R-EMG-L	n/a	n/a	n/a
E1-M2	n/a	n/a	n/a
E2-M2	n/a	n/a	n/a
F4	0.076236075	0.051473455	0.078441998
F3	0.074893911	-0.053407469	0.078441998
C4	0.014066027	0.068732301	0.108052942
C3	0.01230257	-0.069069741	0.108052942
O2	-0.092920351	0.030643906	0.058115129
O1	-0.093674095	-0.028256052	0.058115129
Pleth	n/a	n/a	n/a
