name	x	y	z
F3	0.074893911	-0.053407469	0.078441998
F4	0.076236075	0.051473455	0.078441998
C3	0.01230257	-0.069069741	0.108052942
C4	0.014066027	0.068732301	0.108052942
O1	-0.093674095	-0.028256052	0.058115129
O2	-0.092920351	0.030643906	0.058115129
M1	-0.042931083	-0.075785536	0.003363733
M2	-0.040977683	0.076859319	0.003363733
E1	n/a	n/a	n/a
E2	n/a	n/a	n/a
Chin EMG	n/a	n/a	n/a
EKG	n/a	n/a	n/a
Left Leg	n/a	n/a	n/a
Right Leg	n/a	n/a	n/a
