name	x	y	z
F3	0.074894	-0.053407	0.078442
F4	0.076236	0.051473	0.078442
C3	0.012303	-0.06907	0.10805
C4	0.014066	0.068732	0.10805
O1	-0.093674	-0.028256	0.058115
O2	-0.09292	0.030644	0.058115
Fz	0.086507	-0.001107	0.1036
Cz	0.019877	-0.00025437	0.14417
Pz	-0.054939	0.000703059999999964	0.13189
Oz	-0.095993	0.00122840000000001	0.064901
E1	n/a	n/a	n/a
E2	n/a	n/a	n/a
Chin EMG	n/a	n/a	n/a
Left Leg	n/a	n/a	n/a
Right Leg	n/a	n/a	n/a
ECG	n/a	n/a	n/a
