name	x	y	z
ECG	n/a	n/a	n/a
E1-M2	n/a	n/a	n/a
E2-M2	n/a	n/a	n/a
C4	0.014066027	0.068732301	0.108052942
O2	-0.092920351	0.030643906	0.058115129
F4	0.076236075	0.051473455	0.078441998
EMG-L	n/a	n/a	n/a
EMG-R	n/a	n/a	n/a
Limb-L	n/a	n/a	n/a
Limb-R	n/a	n/a	n/a
Pleth	n/a	n/a	n/a
